,subject,type,neighbour,shared,key
0,Human 1,Human/Human,Human 2,0.041799030262497906,cdr3_aa
1,Human 1,Human/Human,Human 3,0.03622582622749819,cdr3_aa
2,Human 1,Human/Human,Human 4,0.05040068544932211,cdr3_aa
3,Human 1,Human/Human,Human 5,0.04594683295044306,cdr3_aa
4,Human 1,Human/Human,Human 6,0.0723219603505488,cdr3_aa
5,Human 1,Human/Human,Human 7,0.03254149040026033,cdr3_aa
6,Human 1,Human/Human,Human 8,0.04767353165522502,cdr3_aa
7,Human 1,Human/Human,Human 9,0.021139733639356145,cdr3_aa
8,Human 1,Human/Human,Human 10,0.07742543593886757,cdr3_aa
9,Human 1,Human/Mouse,Mouse 1,0.05015883631499749,cdr3_aa
10,Human 1,Human/Mouse,Mouse 2,0.02786602017499861,cdr3_aa
11,Human 1,Human/Mouse,Mouse 3,0.044585632279997775,cdr3_aa
12,Human 1,Human/Mouse,Mouse 4,0.028231042854723054,cdr3_aa
13,Human 1,Human/Mouse,Mouse 5,0.025079418157498746,cdr3_aa
14,Human 1,Human/Kymouse,Kymouse 1,0.16271056661562022,cdr3_aa
15,Human 1,Human/Kymouse,Kymouse 2,0.16998272306749151,cdr3_aa
16,Human 1,Human/Kymouse,Kymouse 3,0.33160564008248344,cdr3_aa
17,Human 1,Human/Kymouse,Kymouse 4,0.1755559271024912,cdr3_aa
18,Human 1,Human/Kymouse,Kymouse 5,0.14725130890052357,cdr3_aa
19,Human 1,Human/Kymouse,Kymouse 6,0.2675137936799866,cdr3_aa
20,Human 1,Human/Kymouse,Kymouse 7,0.1783425291199911,cdr3_aa
21,Human 2,Human/Human,Human 3,0.0703841612932522,cdr3_aa
22,Human 2,Human/Human,Human 4,0.08064109671891538,cdr3_aa
23,Human 2,Human/Human,Human 5,0.07876599934361667,cdr3_aa
24,Human 2,Human/Human,Human 6,0.09784735812133072,cdr3_aa
25,Human 2,Human/Human,Human 7,0.057851538489351706,cdr3_aa
26,Human 2,Human/Human,Human 8,0.07627765064836003,cdr3_aa
27,Human 2,Human/Human,Human 9,0.10267870624830126,cdr3_aa
28,Human 2,Human/Human,Human 10,0.04039587962027873,cdr3_aa
29,Human 2,Human/Mouse,Mouse 1,0.0756059595285746,cdr3_aa
30,Human 2,Human/Mouse,Mouse 2,0.04380540094825809,cdr3_aa
31,Human 2,Human/Mouse,Mouse 3,0.0533689126084056,cdr3_aa
32,Human 2,Human/Mouse,Mouse 4,0.0508158771385015,cdr3_aa
33,Human 2,Human/Mouse,Mouse 5,0.033355570380253496,cdr3_aa
34,Human 2,Human/Kymouse,Kymouse 1,0.22970903522205208,cdr3_aa
35,Human 2,Human/Kymouse,Kymouse 2,0.2468312208138759,cdr3_aa
36,Human 2,Human/Kymouse,Kymouse 3,0.42472759617522793,cdr3_aa
37,Human 2,Human/Kymouse,Kymouse 4,0.2690682677340449,cdr3_aa
38,Human 2,Human/Kymouse,Kymouse 5,0.25850785340314136,cdr3_aa
39,Human 2,Human/Kymouse,Kymouse 6,0.2935290193462308,cdr3_aa
40,Human 2,Human/Kymouse,Kymouse 7,0.2357126973537914,cdr3_aa
41,Human 3,Human/Human,Human 4,0.07560102817398316,cdr3_aa
42,Human 3,Human/Human,Human 5,0.0590744995077125,cdr3_aa
43,Human 3,Human/Human,Human 6,0.22122011401344335,cdr3_aa
44,Human 3,Human/Human,Human 7,0.02169432693350689,cdr3_aa
45,Human 3,Human/Human,Human 8,0.044495296211543356,cdr3_aa
46,Human 3,Human/Human,Human 9,0.07247908676350677,cdr3_aa
47,Human 3,Human/Human,Human 10,0.053861172827038305,cdr3_aa
48,Human 3,Human/Mouse,Mouse 1,0.04767959313413859,cdr3_aa
49,Human 3,Human/Mouse,Mouse 2,0.02834467120181406,cdr3_aa
50,Human 3,Human/Mouse,Mouse 3,0.04995004995004995,cdr3_aa
51,Human 3,Human/Mouse,Mouse 4,0.016938625712833832,cdr3_aa
52,Human 3,Human/Mouse,Mouse 5,0.03632730905458178,cdr3_aa
53,Human 3,Human/Kymouse,Kymouse 1,0.2775650842266463,cdr3_aa
54,Human 3,Human/Kymouse,Kymouse 2,0.2179638543274907,cdr3_aa
55,Human 3,Human/Kymouse,Kymouse 3,0.401870856416311,cdr3_aa
56,Human 3,Human/Kymouse,Kymouse 4,0.24975024975024976,cdr3_aa
57,Human 3,Human/Kymouse,Kymouse 5,0.2683246073298429,cdr3_aa
58,Human 3,Human/Kymouse,Kymouse 6,0.30878212696394514,cdr3_aa
59,Human 3,Human/Kymouse,Kymouse 7,0.28607755880483154,cdr3_aa
60,Human 4,Human/Human,Human 5,0.030240411269593266,cdr3_aa
61,Human 4,Human/Human,Human 6,0.010080137089864423,cdr3_aa
62,Human 4,Human/Human,Human 7,0.03528047981452548,cdr3_aa
63,Human 4,Human/Human,Human 8,0.025200342724661054,cdr3_aa
64,Human 4,Human/Human,Human 9,0.06048082253918653,cdr3_aa
65,Human 4,Human/Human,Human 10,0.025200342724661054,cdr3_aa
66,Human 4,Human/Mouse,Mouse 1,0.08064109671891538,cdr3_aa
67,Human 4,Human/Mouse,Mouse 2,0.030240411269593266,cdr3_aa
68,Human 4,Human/Mouse,Mouse 3,0.0453606169043899,cdr3_aa
69,Human 4,Human/Mouse,Mouse 4,0.022584834283778443,cdr3_aa
70,Human 4,Human/Mouse,Mouse 5,0.03528047981452548,cdr3_aa
71,Human 4,Human/Kymouse,Kymouse 1,0.16632226198276295,cdr3_aa
72,Human 4,Human/Kymouse,Kymouse 2,0.32760445542059374,cdr3_aa
73,Human 4,Human/Kymouse,Kymouse 3,0.5594476084874754,cdr3_aa
74,Human 4,Human/Kymouse,Kymouse 4,0.25200342724661057,cdr3_aa
75,Human 4,Human/Kymouse,Kymouse 5,0.20160274179728843,cdr3_aa
76,Human 4,Human/Kymouse,Kymouse 6,0.3780051408699158,cdr3_aa
77,Human 4,Human/Kymouse,Kymouse 7,0.23688322161181394,cdr3_aa
78,Human 5,Human/Human,Human 6,0.046796562579766866,cdr3_aa
79,Human 5,Human/Human,Human 7,0.05062009617818274,cdr3_aa
80,Human 5,Human/Human,Human 8,0.06892024942566459,cdr3_aa
81,Human 5,Human/Human,Human 9,0.036101083032490974,cdr3_aa
82,Human 5,Human/Human,Human 10,0.037029556318588834,cdr3_aa
83,Human 5,Human/Mouse,Mouse 1,0.03938299967180833,cdr3_aa
84,Human 5,Human/Mouse,Mouse 2,0.013127666557269446,cdr3_aa
85,Human 5,Human/Mouse,Mouse 3,0.02297341647522153,cdr3_aa
86,Human 5,Human/Mouse,Mouse 4,0.016938625712833832,cdr3_aa
87,Human 5,Human/Mouse,Mouse 5,0.02625533311453889,cdr3_aa
88,Human 5,Human/Kymouse,Kymouse 1,0.15096816540859861,cdr3_aa
89,Human 5,Human/Kymouse,Kymouse 2,0.1870692484410896,cdr3_aa
90,Human 5,Human/Kymouse,Kymouse 3,0.3938299967180834,cdr3_aa
91,Human 5,Human/Kymouse,Kymouse 4,0.2559894978667542,cdr3_aa
92,Human 5,Human/Kymouse,Kymouse 5,0.15753199868723333,cdr3_aa
93,Human 5,Human/Kymouse,Kymouse 6,0.2888086642599278,cdr3_aa
94,Human 5,Human/Kymouse,Kymouse 7,0.2461437479488021,cdr3_aa
95,Human 6,Human/Human,Human 7,0.05105079554156385,cdr3_aa
96,Human 6,Human/Human,Human 8,0.025525397770781926,cdr3_aa
97,Human 6,Human/Human,Human 9,0.05105079554156385,cdr3_aa
98,Human 6,Human/Human,Human 10,0.038288096656172894,cdr3_aa
99,Human 6,Human/Mouse,Mouse 1,0.05105079554156385,cdr3_aa
100,Human 6,Human/Mouse,Mouse 2,0.017016931847187954,cdr3_aa
101,Human 6,Human/Mouse,Mouse 3,0.02977963073257892,cdr3_aa
102,Human 6,Human/Mouse,Mouse 4,0.005646208570944611,cdr3_aa
103,Human 6,Human/Mouse,Mouse 5,0.03403386369437591,cdr3_aa
104,Human 6,Human/Kymouse,Kymouse 1,0.15315238662469158,cdr3_aa
105,Human 6,Human/Kymouse,Kymouse 2,0.22122011401344335,cdr3_aa
106,Human 6,Human/Kymouse,Kymouse 3,0.39564366544711993,cdr3_aa
107,Human 6,Human/Kymouse,Kymouse 4,0.2084574151280524,cdr3_aa
108,Human 6,Human/Kymouse,Kymouse 5,0.2042031821662554,cdr3_aa
109,Human 6,Human/Kymouse,Kymouse 6,0.3105590062111801,cdr3_aa
110,Human 6,Human/Kymouse,Kymouse 7,0.22547434697524038,cdr3_aa
111,Human 7,Human/Human,Human 8,0.05423581733376722,cdr3_aa
112,Human 7,Human/Human,Human 9,0.061467259644936184,cdr3_aa
113,Human 7,Human/Human,Human 10,0.039772932711429294,cdr3_aa
114,Human 7,Human/Mouse,Mouse 1,0.057851538489351706,cdr3_aa
115,Human 7,Human/Mouse,Mouse 2,0.014462884622337926,cdr3_aa
116,Human 7,Human/Mouse,Mouse 3,0.03254149040026033,cdr3_aa
117,Human 7,Human/Mouse,Mouse 4,0.022584834283778443,cdr3_aa
118,Human 7,Human/Mouse,Mouse 5,0.010847163466753445,cdr3_aa
119,Human 7,Human/Kymouse,Kymouse 1,0.15186028853454822,cdr3_aa
120,Human 7,Human/Kymouse,Kymouse 2,0.2133275481794844,cdr3_aa
121,Human 7,Human/Kymouse,Kymouse 3,0.40857649058104634,cdr3_aa
122,Human 7,Human/Kymouse,Kymouse 4,0.27479480782442056,cdr3_aa
123,Human 7,Human/Kymouse,Kymouse 5,0.18078605777922405,cdr3_aa
124,Human 7,Human/Kymouse,Kymouse 6,0.2820262501355896,cdr3_aa
125,Human 7,Human/Kymouse,Kymouse 7,0.19886466355714646,cdr3_aa
126,Human 8,Human/Human,Human 9,0.06356470887363336,cdr3_aa
127,Human 8,Human/Human,Human 10,0.06732646603379788,cdr3_aa
128,Human 8,Human/Mouse,Mouse 1,0.06674294431731503,cdr3_aa
129,Human 8,Human/Mouse,Mouse 2,0.03178235443681668,cdr3_aa
130,Human 8,Human/Mouse,Mouse 3,0.03178235443681668,cdr3_aa
131,Human 8,Human/Mouse,Mouse 4,0.033877251425667665,cdr3_aa
132,Human 8,Human/Mouse,Mouse 5,0.028604118993135013,cdr3_aa
133,Human 8,Human/Kymouse,Kymouse 1,0.15632976008167432,cdr3_aa
134,Human 8,Human/Kymouse,Kymouse 2,0.2097635392829901,cdr3_aa
135,Human 8,Human/Kymouse,Kymouse 3,0.34007119247393847,cdr3_aa
136,Human 8,Human/Kymouse,Kymouse 4,0.20658530383930843,cdr3_aa
137,Human 8,Human/Kymouse,Kymouse 5,0.18324607329842932,cdr3_aa
138,Human 8,Human/Kymouse,Kymouse 6,0.3178235443681668,cdr3_aa
139,Human 8,Human/Kymouse,Kymouse 7,0.17480294940249175,cdr3_aa
140,Human 9,Human/Human,Human 10,0.053861172827038305,cdr3_aa
141,Human 9,Human/Mouse,Mouse 1,0.08153897260894513,cdr3_aa
142,Human 9,Human/Mouse,Mouse 2,0.04227946727871229,cdr3_aa
143,Human 9,Human/Mouse,Mouse 3,0.030199619484794493,cdr3_aa
144,Human 9,Human/Mouse,Mouse 4,0.028231042854723054,cdr3_aa
145,Human 9,Human/Mouse,Mouse 5,0.04831939117567119,cdr3_aa
146,Human 9,Human/Kymouse,Kymouse 1,0.20099540581929556,cdr3_aa
147,Human 9,Human/Kymouse,Kymouse 2,0.2204572222389998,cdr3_aa
148,Human 9,Human/Kymouse,Kymouse 3,0.4831939117567119,cdr3_aa
149,Human 9,Human/Kymouse,Kymouse 4,0.26877661341467096,cdr3_aa
150,Human 9,Human/Kymouse,Kymouse 5,0.22905759162303663,cdr3_aa
151,Human 9,Human/Kymouse,Kymouse 6,0.37145531966297224,cdr3_aa
152,Human 9,Human/Kymouse,Kymouse 7,0.29595627095098603,cdr3_aa
153,Human 10,Human/Mouse,Mouse 1,0.04039587962027873,cdr3_aa
154,Human 10,Human/Mouse,Mouse 2,0.006732646603379788,cdr3_aa
155,Human 10,Human/Mouse,Mouse 3,0.020197939810139363,cdr3_aa
156,Human 10,Human/Mouse,Mouse 4,0.011292417141889222,cdr3_aa
157,Human 10,Human/Mouse,Mouse 5,0.02356426311182926,cdr3_aa
158,Human 10,Human/Kymouse,Kymouse 1,0.14811822527435534,cdr3_aa
159,Human 10,Human/Kymouse,Kymouse 2,0.19524675149801388,cdr3_aa
160,Human 10,Human/Kymouse,Kymouse 3,0.37029556318588835,cdr3_aa
161,Human 10,Human/Kymouse,Kymouse 4,0.23900895441998252,cdr3_aa
162,Human 10,Human/Kymouse,Kymouse 5,0.16494984178280483,cdr3_aa
163,Human 10,Human/Kymouse,Kymouse 6,0.2524742476267421,cdr3_aa
164,Human 10,Human/Kymouse,Kymouse 7,0.18851410489463408,cdr3_aa
165,Mouse 1,Mouse/Mouse,Mouse 2,4.553184910327768,cdr3_aa
166,Mouse 1,Mouse/Mouse,Mouse 3,4.410201912858661,cdr3_aa
167,Mouse 1,Mouse/Mouse,Mouse 4,4.725876573880639,cdr3_aa
168,Mouse 1,Mouse/Mouse,Mouse 5,4.7528183532921,cdr3_aa
169,Mouse 1,Kymouse/Mouse,Kymouse 1,0.4498468606431853,cdr3_aa
170,Mouse 1,Kymouse/Mouse,Kymouse 2,0.34355964938344974,cdr3_aa
171,Mouse 1,Kymouse/Mouse,Kymouse 3,0.4272974981421848,cdr3_aa
172,Mouse 1,Kymouse/Mouse,Kymouse 4,0.4108288277813305,cdr3_aa
173,Mouse 1,Kymouse/Mouse,Kymouse 5,0.5006544502617801,cdr3_aa
174,Mouse 1,Kymouse/Mouse,Kymouse 6,0.3395749127003767,cdr3_aa
175,Mouse 1,Kymouse/Mouse,Kymouse 7,0.36524626452684006,cdr3_aa
176,Mouse 2,Mouse/Mouse,Mouse 3,3.0766852195423624,cdr3_aa
177,Mouse 2,Mouse/Mouse,Mouse 4,2.0100502512562812,cdr3_aa
178,Mouse 2,Mouse/Mouse,Mouse 5,2.3113790970933827,cdr3_aa
179,Mouse 2,Kymouse/Mouse,Kymouse 1,0.17866258295048493,cdr3_aa
180,Mouse 2,Kymouse/Mouse,Kymouse 2,0.20871985157699444,cdr3_aa
181,Mouse 2,Kymouse/Mouse,Kymouse 3,0.3581735724592867,cdr3_aa
182,Mouse 2,Kymouse/Mouse,Kymouse 4,0.22418058132343846,cdr3_aa
183,Mouse 2,Kymouse/Mouse,Kymouse 5,0.18324607329842932,cdr3_aa
184,Mouse 2,Kymouse/Mouse,Kymouse 6,0.2654091939806225,cdr3_aa
185,Mouse 2,Kymouse/Mouse,Kymouse 7,0.1932591218305504,cdr3_aa
186,Mouse 3,Mouse/Mouse,Mouse 4,3.0658912540229237,cdr3_aa
187,Mouse 3,Mouse/Mouse,Mouse 5,2.890731236566215,cdr3_aa
188,Mouse 3,Kymouse/Mouse,Kymouse 1,0.2105666156202144,cdr3_aa
189,Mouse 3,Kymouse/Mouse,Kymouse 2,0.20613578963006984,cdr3_aa
190,Mouse 3,Kymouse/Mouse,Kymouse 3,0.3287725823591923,cdr3_aa
191,Mouse 3,Kymouse/Mouse,Kymouse 4,0.24417185047380965,cdr3_aa
192,Mouse 3,Kymouse/Mouse,Kymouse 5,0.2617801047120419,cdr3_aa
193,Mouse 3,Kymouse/Mouse,Kymouse 6,0.24076780021253988,cdr3_aa
194,Mouse 3,Kymouse/Mouse,Kymouse 7,0.18262313226342003,cdr3_aa
195,Mouse 4,Mouse/Mouse,Mouse 5,2.4222234769352378,cdr3_aa
196,Mouse 4,Kymouse/Mouse,Kymouse 1,0.17503246569928294,cdr3_aa
197,Mouse 4,Kymouse/Mouse,Kymouse 2,0.18067867427022755,cdr3_aa
198,Mouse 4,Kymouse/Mouse,Kymouse 3,0.33877251425667665,cdr3_aa
199,Mouse 4,Kymouse/Mouse,Kymouse 4,0.22020213426683982,cdr3_aa
200,Mouse 4,Kymouse/Mouse,Kymouse 5,0.1637400485573937,cdr3_aa
201,Mouse 4,Kymouse/Mouse,Kymouse 6,0.27666421997628593,cdr3_aa
202,Mouse 4,Kymouse/Mouse,Kymouse 7,0.23714075997967365,cdr3_aa
203,Mouse 5,Kymouse/Mouse,Kymouse 1,0.2169474221541603,cdr3_aa
204,Mouse 5,Kymouse/Mouse,Kymouse 2,0.19739439399921044,cdr3_aa
205,Mouse 5,Kymouse/Mouse,Kymouse 3,0.3684695354651928,cdr3_aa
206,Mouse 5,Kymouse/Mouse,Kymouse 4,0.19300785191033906,cdr3_aa
207,Mouse 5,Kymouse/Mouse,Kymouse 5,0.20287958115183247,cdr3_aa
208,Mouse 5,Kymouse/Mouse,Kymouse 6,0.25880598324340925,cdr3_aa
209,Mouse 5,Kymouse/Mouse,Kymouse 7,0.14036934684388297,cdr3_aa
210,Kymouse 1,Kymouse/Kymouse,Kymouse 2,4.51761102603369,cdr3_aa
211,Kymouse 1,Kymouse/Kymouse,Kymouse 3,7.682491066870853,cdr3_aa
212,Kymouse 1,Kymouse/Kymouse,Kymouse 4,4.948315467075038,cdr3_aa
213,Kymouse 1,Kymouse/Kymouse,Kymouse 5,3.8972513089005236,cdr3_aa
214,Kymouse 1,Kymouse/Kymouse,Kymouse 6,5.9788157223073,cdr3_aa
215,Kymouse 1,Kymouse/Kymouse,Kymouse 7,4.782414497192445,cdr3_aa
216,Kymouse 2,Kymouse/Kymouse,Kymouse 3,5.495097310949339,cdr3_aa
217,Kymouse 2,Kymouse/Kymouse,Kymouse 4,3.5753735247950704,cdr3_aa
218,Kymouse 2,Kymouse/Kymouse,Kymouse 5,4.339005235602094,cdr3_aa
219,Kymouse 2,Kymouse/Kymouse,Kymouse 6,4.219283910265934,cdr3_aa
220,Kymouse 2,Kymouse/Kymouse,Kymouse 7,3.54516416580003,cdr3_aa
221,Kymouse 3,Kymouse/Kymouse,Kymouse 4,6.160494544890801,cdr3_aa
222,Kymouse 3,Kymouse/Kymouse,Kymouse 5,7.261125654450263,cdr3_aa
223,Kymouse 3,Kymouse/Kymouse,Kymouse 6,5.812642635211306,cdr3_aa
224,Kymouse 3,Kymouse/Kymouse,Kymouse 7,5.808891348459694,cdr3_aa
225,Kymouse 4,Kymouse/Kymouse,Kymouse 5,4.983638743455497,cdr3_aa
226,Kymouse 4,Kymouse/Kymouse,Kymouse 6,5.0345910121504565,cdr3_aa
227,Kymouse 4,Kymouse/Kymouse,Kymouse 7,3.7439683739317484,cdr3_aa
228,Kymouse 5,Kymouse/Kymouse,Kymouse 6,6.043848167539267,cdr3_aa
229,Kymouse 5,Kymouse/Kymouse,Kymouse 7,4.656413612565445,cdr3_aa
230,Kymouse 6,Kymouse/Kymouse,Kymouse 7,4.598782512451577,cdr3_aa
0,Human 1,Human/Human,Human 2,0.8579118537624761,clone_id
1,Human 1,Human/Human,Human 3,0.8074464505999775,clone_id
2,Human 1,Human/Human,Human 4,0.7102633047536908,clone_id
3,Human 1,Human/Human,Human 5,0.7045514686424981,clone_id
4,Human 1,Human/Human,Human 6,0.5973205904940695,clone_id
5,Human 1,Human/Human,Human 7,0.6658904009897387,clone_id
6,Human 1,Human/Human,Human 8,0.575963138359145,clone_id
7,Human 1,Human/Human,Human 9,0.6082170118298208,clone_id
8,Human 1,Human/Human,Human 10,0.6579839913173247,clone_id
9,Human 1,Human/Kymouse,Kymouse 1,0.6440198159943382,clone_id
10,Human 1,Human/Kymouse,Kymouse 2,0.6252102725131771,clone_id
11,Human 1,Human/Kymouse,Kymouse 3,0.8635191207805315,clone_id
12,Human 1,Human/Kymouse,Kymouse 4,0.6560502411124818,clone_id
13,Human 1,Human/Kymouse,Kymouse 5,0.6265664160401002,clone_id
14,Human 1,Human/Kymouse,Kymouse 6,0.7261410788381742,clone_id
15,Human 1,Human/Kymouse,Kymouse 7,0.6364248065492879,clone_id
16,Human 2,Human/Human,Human 3,0.8721129855563441,clone_id
17,Human 2,Human/Human,Human 4,0.9030490589011212,clone_id
18,Human 2,Human/Human,Human 5,0.8534003704683778,clone_id
19,Human 2,Human/Human,Human 6,0.8490485536308559,clone_id
20,Human 2,Human/Human,Human 7,0.8842151226257187,clone_id
21,Human 2,Human/Human,Human 8,0.8735440931780365,clone_id
22,Human 2,Human/Human,Human 9,0.8606270717391966,clone_id
23,Human 2,Human/Human,Human 10,0.8445258445258446,clone_id
24,Human 2,Human/Kymouse,Kymouse 1,1.0580325548478415,clone_id
25,Human 2,Human/Kymouse,Kymouse 2,0.761307657859382,clone_id
26,Human 2,Human/Kymouse,Kymouse 3,1.0434393193013882,clone_id
27,Human 2,Human/Kymouse,Kymouse 4,0.7344379758172862,clone_id
28,Human 2,Human/Kymouse,Kymouse 5,0.9846043680630147,clone_id
29,Human 2,Human/Kymouse,Kymouse 6,0.8463949843260188,clone_id
30,Human 2,Human/Kymouse,Kymouse 7,0.7635467980295567,clone_id
31,Human 3,Human/Human,Human 4,0.7965095631880676,clone_id
32,Human 3,Human/Human,Human 5,0.7806297962423923,clone_id
33,Human 3,Human/Human,Human 6,0.8789145831555594,clone_id
34,Human 3,Human/Human,Human 7,0.8769376319045193,clone_id
35,Human 3,Human/Human,Human 8,0.8031485984896966,clone_id
36,Human 3,Human/Human,Human 9,0.8515038165617492,clone_id
37,Human 3,Human/Human,Human 10,0.8241758241758242,clone_id
38,Human 3,Human/Kymouse,Kymouse 1,0.8952583156404813,clone_id
39,Human 3,Human/Kymouse,Kymouse 2,0.6638130336255637,clone_id
40,Human 3,Human/Kymouse,Kymouse 3,0.9293382470757892,clone_id
41,Human 3,Human/Kymouse,Kymouse 4,0.6638130336255637,clone_id
42,Human 3,Human/Kymouse,Kymouse 5,0.8557107053347656,clone_id
43,Human 3,Human/Kymouse,Kymouse 6,0.8125987135761211,clone_id
44,Human 3,Human/Kymouse,Kymouse 7,0.7027262114587863,clone_id
45,Human 4,Human/Human,Human 5,0.6138704276799757,clone_id
46,Human 4,Human/Human,Human 6,0.36020496169651467,clone_id
47,Human 4,Human/Human,Human 7,0.6087971183603065,clone_id
48,Human 4,Human/Human,Human 8,0.6037238090406372,clone_id
49,Human 4,Human/Human,Human 9,0.7407031606717062,clone_id
50,Human 4,Human/Human,Human 10,0.689970067475014,clone_id
51,Human 4,Human/Kymouse,Kymouse 1,0.5935771904012987,clone_id
52,Human 4,Human/Kymouse,Kymouse 2,0.6950433767946832,clone_id
53,Human 4,Human/Kymouse,Kymouse 3,0.9994419359748364,clone_id
54,Human 4,Human/Kymouse,Kymouse 4,0.71533661407336,clone_id
55,Human 4,Human/Kymouse,Kymouse 5,0.6087971183603065,clone_id
56,Human 4,Human/Kymouse,Kymouse 6,0.8218761097864137,clone_id
57,Human 4,Human/Kymouse,Kymouse 7,0.7001166861143524,clone_id
58,Human 5,Human/Human,Human 6,0.5461216827374349,clone_id
59,Human 5,Human/Human,Human 7,0.6476966741867404,clone_id
60,Human 5,Human/Human,Human 8,0.5722413336861604,clone_id
61,Human 5,Human/Human,Human 9,0.674781688277322,clone_id
62,Human 5,Human/Human,Human 10,0.6444173110839777,clone_id
63,Human 5,Human/Kymouse,Kymouse 1,0.5484784147204529,clone_id
64,Human 5,Human/Kymouse,Kymouse 2,0.5490870600688013,clone_id
65,Human 5,Human/Kymouse,Kymouse 3,0.7343212490076739,clone_id
66,Human 5,Human/Kymouse,Kymouse 4,0.6383964011643292,clone_id
67,Human 5,Human/Kymouse,Kymouse 5,0.5334765485141425,clone_id
68,Human 5,Human/Kymouse,Kymouse 6,0.7475522625033078,clone_id
69,Human 5,Human/Kymouse,Kymouse 7,0.5953956073035195,clone_id
70,Human 6,Human/Human,Human 7,0.5802542879085246,clone_id
71,Human 6,Human/Human,Human 8,0.6186534687260006,clone_id
72,Human 6,Human/Human,Human 9,0.5845208635549108,clone_id
73,Human 6,Human/Human,Human 10,0.5802542879085246,clone_id
74,Human 6,Human/Kymouse,Kymouse 1,0.41385783769946244,clone_id
75,Human 6,Human/Kymouse,Kymouse 2,0.5887874392012971,clone_id
76,Human 6,Human/Kymouse,Kymouse 3,0.7765167676422903,clone_id
77,Human 6,Human/Kymouse,Kymouse 4,0.5546548340302074,clone_id
78,Human 6,Human/Kymouse,Kymouse 5,0.40532468640668995,clone_id
79,Human 6,Human/Kymouse,Kymouse 6,0.729584435532042,clone_id
80,Human 6,Human/Kymouse,Kymouse 7,0.5461216827374349,clone_id
81,Human 7,Human/Human,Human 8,0.6295029473837421,clone_id
82,Human 7,Human/Human,Human 9,0.8078014700531257,clone_id
83,Human 7,Human/Human,Human 10,0.5821992576959465,clone_id
84,Human 7,Human/Kymouse,Kymouse 1,0.5931154937777455,clone_id
85,Human 7,Human/Kymouse,Kymouse 2,0.7423040535623318,clone_id
86,Human 7,Human/Kymouse,Kymouse 3,0.9970162288043084,clone_id
87,Human 7,Human/Kymouse,Kymouse 4,0.8114402154137254,clone_id
88,Human 7,Human/Kymouse,Kymouse 5,0.6295029473837421,clone_id
89,Human 7,Human/Kymouse,Kymouse 6,0.8769376319045193,clone_id
90,Human 7,Human/Kymouse,Kymouse 7,0.6840841277927371,clone_id
91,Human 8,Human/Human,Human 9,0.6527582234736977,clone_id
92,Human 8,Human/Human,Human 10,0.5969339302672636,clone_id
93,Human 8,Human/Kymouse,Kymouse 1,0.5661712668082095,clone_id
94,Human 8,Human/Kymouse,Kymouse 2,0.6367592474081658,clone_id
95,Human 8,Human/Kymouse,Kymouse 3,0.7871496224241649,clone_id
96,Human 8,Human/Kymouse,Kymouse 4,0.5823627287853578,clone_id
97,Human 8,Human/Kymouse,Kymouse 5,0.5656999641962048,clone_id
98,Human 8,Human/Kymouse,Kymouse 6,0.7199539229489312,clone_id
99,Human 8,Human/Kymouse,Kymouse 7,0.5727633431460387,clone_id
100,Human 9,Human/Human,Human 10,0.7631257631257631,clone_id
101,Human 9,Human/Kymouse,Kymouse 1,0.6900212314225054,clone_id
102,Human 9,Human/Kymouse,Kymouse 2,0.7724356050238725,clone_id
103,Human 9,Human/Kymouse,Kymouse 3,0.9670650488094151,clone_id
104,Human 9,Human/Kymouse,Kymouse 4,0.7146549889000395,clone_id
105,Human 9,Human/Kymouse,Kymouse 5,0.7268170426065164,clone_id
106,Human 9,Human/Kymouse,Kymouse 6,0.8697503269166438,clone_id
107,Human 9,Human/Kymouse,Kymouse 7,0.7298604141957851,clone_id
108,Human 10,Human/Kymouse,Kymouse 1,0.6086341118188252,clone_id
109,Human 10,Human/Kymouse,Kymouse 2,0.6851173517840184,clone_id
110,Human 10,Human/Kymouse,Kymouse 3,0.9768009768009768,clone_id
111,Human 10,Human/Kymouse,Kymouse 4,0.715642382309049,clone_id
112,Human 10,Human/Kymouse,Kymouse 5,0.619405656999642,clone_id
113,Human 10,Human/Kymouse,Kymouse 6,0.8173924840591507,clone_id
114,Human 10,Human/Kymouse,Kymouse 7,0.6512006512006512,clone_id
115,Kymouse 1,Kymouse/Kymouse,Kymouse 2,7.848549186128804,clone_id
116,Kymouse 1,Kymouse/Kymouse,Kymouse 3,11.13941967445152,clone_id
117,Kymouse 1,Kymouse/Kymouse,Kymouse 4,8.117480537862704,clone_id
118,Kymouse 1,Kymouse/Kymouse,Kymouse 5,6.541353383458646,clone_id
119,Kymouse 1,Kymouse/Kymouse,Kymouse 6,9.104741684359519,clone_id
120,Kymouse 1,Kymouse/Kymouse,Kymouse 7,8.096249115357395,clone_id
121,Kymouse 2,Kymouse/Kymouse,Kymouse 3,8.128416658383857,clone_id
122,Kymouse 2,Kymouse/Kymouse,Kymouse 4,6.163574304218449,clone_id
123,Kymouse 2,Kymouse/Kymouse,Kymouse 5,7.518796992481203,clone_id
124,Kymouse 2,Kymouse/Kymouse,Kymouse 6,6.818407712950999,clone_id
125,Kymouse 2,Kymouse/Kymouse,Kymouse 7,6.0373742213703885,clone_id
126,Kymouse 3,Kymouse/Kymouse,Kymouse 4,8.78260108524418,clone_id
127,Kymouse 3,Kymouse/Kymouse,Kymouse 5,10.691013247404225,clone_id
128,Kymouse 3,Kymouse/Kymouse,Kymouse 6,7.7833669688846046,clone_id
129,Kymouse 3,Kymouse/Kymouse,Kymouse 7,8.081776074109568,clone_id
130,Kymouse 4,Kymouse/Kymouse,Kymouse 5,7.841031149301826,clone_id
131,Kymouse 4,Kymouse/Kymouse,Kymouse 6,7.5923332749868715,clone_id
132,Kymouse 4,Kymouse/Kymouse,Kymouse 7,6.082618589182566,clone_id
133,Kymouse 5,Kymouse/Kymouse,Kymouse 6,9.022556390977442,clone_id
134,Kymouse 5,Kymouse/Kymouse,Kymouse 7,8.037952022914428,clone_id
135,Kymouse 6,Kymouse/Kymouse,Kymouse 7,7.059575147739977,clone_id
